protein,name,species
MPRSQRNDNFIDKTFTVIADLILKILPVSKKTKEAFAYYRDGMSAQSEGAYAEALENYYEALRLEEDPYDKSYTFYNIALIHTSNGDQTKALEYYRQALDLNPKMPQALNNMAVIYHAQGEQAAEQGDMEMAEALFDQAAFYWKQAIRLAPDNYIEAQNWLKTTGRSKLDILI,Photosystem I assembly protein Ycf3,C. paradoxa
MPRSRINGNFIDKTSSIVANILLRIIPTTSGEKEAFTYYRDGMSAQSEGNYAEALQNYYEATRPEIDPYDRSYILYNIGLIHTSNGEHTKALEYYFRALERNPFLPQASNNMAVICHYRGEQAIRQGDSEIAETWSDQAAEYWKQAIALTPGNYIEAQNWLKITRRFE,Photosystem I assembly protein Ycf3,Amborella
MPRSRINENFIDKTFSIVANILLRIIPTTSGEKRAFTYYRDGMSAQSEGNYAEALQNYYEAMRLEIDPYDRSYILYNIGLIHTSNGEHTKALEYYFRALERNPFLPQAFNNMAVICHYRGEQAIRQGDSEVAESWFNQAAEYWKQAIALTPGNYIEAQNWLKITGRFE,Photosystem I assembly protein Ycf3,Soybean
MPRSRINGNFIDKTFSIVANILLRIIPTTSGEKRAFTYYRDGMLAQSEGNYAEALQNYYEAMRLEIDPYDRSYILYNIGLIHTSNGEHTKALEYYFRALERNPFLPQAFNNMAVICHYRGEQAILQGDSEIAEAWFDQAAEYWKQAIALTPGNYIEAQNWLKITKRFEFE,Photosystem I assembly protein Ycf3,Japonica rice
MPRSRINGNFIDKTFSIVANILLQIIPTTSGEKRAFTYYRDGMLAQSEGNYAEALQNYYEAMRLEIDPYDRSYILYNIGLIHTSNGEHTKALEYYFRALERNPFLPQAFNNMAVICHYRGEQAILQGDSEIAEAWFDQAAEYWKQAIALTPGNYIEAQNWLKITKRFEFE,Photosystem I assembly protein Ycf3,Corn
MPRSRINGNFIDKTFTIVADILLRVIPTTSGEKEAFTYYRDGMSAQSEGNYAEALQNYYEAMRLEIDPYDRSYILYNIGLIHTSNGEHTKALEYYFRALERNPFLPQAFNNMAVICHYRGEQAIQQGDSEMAEAWFAQAAEYWKQAITLTPGNYIEAQNWLTITRRFE,Photosystem I assembly protein Ycf3,Arabidopsis thaliana
MSNFIDKTFTVIADILLKVLPASKQEKQAFSYYRAGMSAQSEGKYAEALENYYEALQLEEDPYDRSYTLYNIGLIYGNNGNYSQALEYYHQALELNSNLPQALNNIAVIYHSQGLNALQMQNQDKNLEIRNDEYLELAKEFFDKAAEYWRQALKLAPDNYPGAQNWLKVTGRQISEEYF,Photosystem I assembly protein Ycf3,Trieres chinensis
MPRSQKNDNFIDKTFTVLADIVLKILPTSKEEKEAFSYYRDGMSAQSEGEYAEALENYYEALKLEEDPYDRSYILYNIGLIYASNGEYIKALEYYHQGLELNFKLPQALNNIAVIYHYQGVQAVEEKNIELSKLMFDKAAQYWQQAIKLAPDNYIEAQNWLKTTGRMKNIQGY,Photosystem I assembly protein Ycf3,Red Seaweed
MPRSQRNDNFIDKTFTIVADILLRIIPMAPGEKEAFTYYRDGMSAQSEGEYAEALQNYYEAMRLETDPYDRSYILYNIGLVHTSNGEHTKALEYYFQALERNPSLPQALNNTALICHYRGEQAIRQGDPETAEAWFDQAAEYWEQAIALAPGNYIEAQNWLKITGRFGE,Photosystem I assembly protein Ycf3,Black Pine
MPRSGGINGNFIDKTFSIVANILLRIIPTTSGEKEAFTYYRDGMSAQSEGNYAEALQNYYEAMRLEIDPYDRSYILYNIGLIHTRNGEHTKALEYYFRALERNPFLPQAFNNMAVICHYRGEQAIRQGDSEIAEAWFNQAAEYWKQAIALTPGNYIEAQNWLKITRRFK,Photosystem I assembly protein Ycf3,Cucumber
MPRSRINGNFIDKTFTIVADILLRVIPTTSGEKEAFTYYRDGMSAQSEGNYAEALQNYYEAMRLEIDPYDRSYILYNIGLIHTSNGEHTKALEYYFRALERNPFLPQAFNNMAVICHYRGEQAIQQGDSEMAEAWFAQAAEYWKQAITLTPGNYIEAQNWLTITRRFE,Photosystem I assembly protein Ycf3,Mustard
MPRSQRNDNFIDKTFTLVADTSLQVIPTTQGEKKAFTYYRDGMSAQSEGEYAEASQNYYEAMRLEIDPYDRSYILHNIGLIHTSNGEHARALEYYFQALERNPSLPQAFNNMAVICHYRGEQAIQQGDFETSEAWFGKAADHWKQAVLLAPGNYIEAQNWLKITGRLKD,Photosystem I assembly protein Ycf3,Shining clubmoss
MPRNQRNDNFIDKSFTVMADMILQMMPVKRQAKEAFAYYRDGMAAQADGDYAEALEYYNEALKLEEDAYDRSFIHYNIGLIHAANGAHDVALDYYDKALEENPRLPQALNNIAVIHHFRGAKVEEEGQPEQAEEHYAKAAAAWIRAVRLAPDNYIEAQNWLKTTGRFELLY,Photosystem I assembly protein Ycf3,Gloeobacter
MSQKNDNFIDKTFTVLADILLKVLPATKEEKKAFSYYRYGMSAQSSGDYAEALENYYEALKLEEDPFDRSYILYNIGLIYGNNGDYSKSLDYYHQALDLNSRLPQALNNIAVIYHYQGTKSSEKKEFEVAQNNFDKAASYWKKAIRLAPNNYIEAQNWLKITGKLSETEIF,Photosystem I assembly protein Ycf3,Emiliania huxleyi
MPRSRINGNFIDKTFSIVANILLRIIPTTSGEKEAFTYYRDGMSAQSEGNYAEALQNYYEAMRLEIDPYDRSYILYNIGLIHTSNGEHTKALEYYFRALERNPFLPQAFNNMAVICHYRGEQAIRQGDSEIAEAWFDQAAEYWKQAMALTPGNYIEAHNWLKITRRFE,Photosystem I assembly protein Ycf3,Ginseng
MPRLQKNDNFIDKTFTVLADIILKILPTTKEEKQAFCYYRDGMSAQSEGEYAEALENYYEALRLEEDPYDRSYIIYNIGLIYASNGEHIKALEYYHQSLELNPRLPQAFNNIAIIYHYQGLKAADKQDNNMSKSMFDKAAEYWKQAIYLAPNNYIEAQNWLKTTGRLNNK,Photosystem I assembly protein Ycf3,Red Alga
MPRSRINGNFIDKTFSIVANILLRIIPTTSGEKRAFTYYRDGMLAQSEGNYAEALQNYYEATRLEIDPYDRSYILYNIGLIHTSNGEHTKALEYYFRALERNPFLPQAFNNMAVICHYRGEQAILQGDSEIAEAWFDQAAEYWKQAIALTPGNYIEAQNWLKITKRFEFE,Photosystem I assembly protein Ycf3,Wild Rice
MPRSRINGNFIDKTSSIVANILLQIIPTTSGEKRAFTYYRDGMLAQSEGNYAEALQNYYEATRLEIDPYDRSYILYNIGLIHTSNGEHTKALEYYFRALERNPFLPQAFNNMAVICHYRGEQAILQGDSEIAEAWFDQAAEYWKQAIALTPGNYIEAQNWLKITKRFEFE,Photosystem I assembly protein Ycf3,Sugarcane
MPRSRINGNFIDKTSSIVANILLRIIPTTSGEKEAFTYYRDGMSAQSEGNYAEALQNYYEAMRPEIDPYDRSYILYNIGLIHTSNGEHTKALEYYFRALERNPFLPQASNNMAVICHYRGEEAIRQGDSEIAEAWFDQAAEYWKQAIALTPGNYIEAQNWLKITGRFE,Photosystem I assembly protein Ycf3,White Waterlily
MRDIKTYLSVAPVLSTLWFGALAGLLIEINRLFPDALSFPFF,Photosystem I reaction center subunit IX,Corn
MAATSTAAAVLSPPSVAGLRLAPSPGRARVSFRAAPAPARRSVAARAELSSALVISLSTGVSLFLGRFVFFNFQRENVAKQVPAQNGKTHFDAGDERAKEFAALLKSNDPVGFNLVDVLAWGSLGHIVAYYILATSSNGYDPNFF,PSI-G,Corn
AMRNAIEGMNGKELDGRNITTTGSAKATIFDEYLEKSKANKELNDKKRLATSGANFARAYTVEFGSCQFPYNFTGCQDLAKQKKVPFISDDLEIECEGKEKFKCGSNVFWKW,Photosystem I reaction center subunit N,Corn
MASTNMASATSRFMLAAGVPTASSGSGRVSFASAPNRLGRRLVVRADEESPAEPAPTAEGEGAVATKPKAEKPPPIGPKRGAKVKILRRESYWYNGIGNVVTVDQDPNTRYPVVVRFNKVNYAGVSTNNYALDEILEVK,Photosystem I reaction center subunit IV A,Corn
MAMATQASAATRHLLAAAWAPAAKPRQLSSQLALPSSSSRGPAPLRASTEEAVEAPKGFVAPQLDPSTPSPIFGGSTGGLLRKAQVEEFYVITWTSPKEQVFEMPTGGAAIMREGPNLLKLARKEQCLALGTRLRSKYKITYQFYRVFPNGEVQYLHPKDGVYPEKVNPGREGVGQNFRSIGKNVNPIDVKFTGKATFD,Photosystem I reaction center subunit II,Corn
MTDFNLPSIFVPLVGLVFPAIAMTSLFLYVQKNKIV,Photosystem I reaction center subunit VIII,Corn
MVQRGSKVRILRKESYWYQEIGTVASIDQSGIKYPVIVRFEKVNYSNVNSNNFSLDEVVEVEPPPSKKKA,Photosystem I reaction center subunit IV,C. paradoxa
MVSNLPSILVPMVGIVLPAIVMALLFVYIETDEIA,Photosystem I reaction center subunit VIII,C. paradoxa
MRKLFLLMFCLSGLILTTDIRPVRADVAGLIPCSQSDAFERRLKNTTQRLENRLKKYEPGSAPAEALQKQIDKTQQRFDKYRNSGLLCGADGLPHLITDGRWSHAGEFTIPGLLFLYIAGFIGWSGRSYLQAVAASDNSTEKEIIIDIPVALQSVSKGFVWPLAALQEFSSGKLTARDEEITISPR,Photosystem I reaction center subunit III,C. paradoxa
MSFSKYLSTAPVIGTLTAFFLAGLLIEINRFNPDLLVYPF,Photosystem I reaction center subunit IX,C. paradoxa
MLADGQIFTALAVALVPGILALRLALELYKF,Photosystem I reaction center subunit XII,C. paradoxa
MNAFVASVAPIAVAGSATLSSAVCAQKKAFFGAQVAAKKTTFEAAPARFIVRAEEEEAAPAEKVEKKAAAPKPFSVPTLNLNAPTPIFGGSTGGLLRKAEVEEFYSITWTGKSETVFELPTGGAAIMRAGENLLRLARKEQCIALGAQLKDKFKITDYKIYRVYPSGEVQFLHPKDGVFPEKVNPGRVAVGSNKRRIGQNPDPAKLKFKGQETFDSDLKL,Photosystem I reaction center subunit II,C. paradoxa
MTDFNLPSIFVPLIGLFFPAIAMASLFLHVQKNKIV,Photosystem I reaction center subunit VIII,Amborella
MRDIKTYLSVAPVLTTLWFGALAGLLIEINRFFPDALAFPFF,Photosystem I reaction center subunit IX,Amborella
MINFPSIFVPLVGLVFPAIAMASLFLHVQKNKIF,Photosystem I reaction center subunit VIII,Soybean
MIEVFLFGIRLGLIPITLAGLFVTAYLQYRRGFEMRDLKTYLSVALVVSTLWFGALAGLLIEINRFFPDALIFPFFSF,PSI-J,Soybean
MRDLKTYLSVAPVVSTLWFGALAGLLIEINRFFPDALIFPFFSF,Photosystem I reaction center subunit IX,Soybean
MAAASASSTMISTPALSPSTSIQKHHHLKPSNVCFQGLRPLTRFTTKVSSTTKRVIPKGGVGVRAELNSALVISLSTGLSLFLGRFVFFNFQRENVAKQVPEQNGLTHFEAGDTRAKEYVSLLKSNDPVGFNIVDVLAWGSIGHVVAYYILATTSNGYDPAFFG,PSI-G,Soybean
MQDIKTYLSTAPVLAALSLGFLAGLLIEINRFFPDALIFPFF,Photosystem I reaction center subunit IX,Japonica rice
MASTMMTTLPQFNGLRATKISAAPVQGLASVQPMRRKGNGALGAKCDFIGSSTNLIMVTSTTLMLFAGRFGLAPSANRKATAGLRLEARDSGLQTGDPAGFTLADTLACGTVGHIIGVGVVLGLKNIGAI,Photosystem I reaction center subunit psaK,Arabidopsis thaliana
MATQAAGIFNSAITTAATSGVKKLHFFSTTHRPKSLSFTKTAIRAEKTDSSAAAAAAPATKEAPVGFTPPQLDPNTPSPIFAGSTGGLLRKAQVEEFYVITWNSPKEQIFEMPTGGAAIMREGPNLLKLARKEQCLALGTRLRSKYKITYQFYRVFPNGEVQYLHPKDGVYPEKANPGREGVGLNMRSIGKNVSPIEVKFTGKQSYDL,Photosystem I reaction center subunit II,Arabidopsis thaliana
MTTFNNLPSIFVPLVGLVFPAIAMASLFLHIQKNKIF,Photosystem I reaction center subunit VIII,Arabidopsis thaliana
MAAMNSSVLTCSYAIAGSGSVELNQKVGLVNSSVGFGQKKQMIMPVIKAQRVVGDDVDGSNGRRSAMVFLAATLFSTAAVSASANAGVIDEYLERSKTNKELNDKKRLATSGANFARAFTVQFGSCKFPENFTGCQDLAKQKKVPFISEDIALECEGKDKYKCGSNVFWKW,Photosystem I reaction center subunit N,Arabidopsis thaliana
MRDLKTYLSVAPVLSTLWFGSLAGLLIEINRLFPDALTFPFFSF,Photosystem I reaction center subunit IX,Arabidopsis thaliana
MATSASALLSPTTFSTAISHKNPNSISFHGLRPLRLGGSSSALPKLSTTGRKSSSAVVRAELSPSIVISLSTGLSLFLGRFVFFNFQRENVAKQGLPEQNGKTHFEAGDDRAKEYVSLLKSNDPIGFNIVDVLAWGSIGHIVAYYILATSSNGYDPSFFG,Photosystem I reaction center subunit V,Arabidopsis thaliana
MASFATIAAVQPSAAVKGLGGSSLAGAKLFIKPSRQSFKTKSTRAGAVVAKYGDKSVYFDLEDLGNTTGQWDVYGSDAPSPYNPLQSKFFETFAAPFTKRGLLLKFLILGGGSLLTYVSANSTGDVLPIKRGPQEPPKLGPRGKL,Photosystem I reaction center subunit VI,Arabidopsis thaliana
MSLTIPANLVLNPRSNKSLTQSVPKSSARFVCSDDKSSSSTPQSMKAFSAAVALSSILLSAPMPAVADISGLTPCKDSKQFAKREKQQIKKLESSLKLYAPESAPALALNAQIEKTKRRFDNYGKYGLLCGSDGLPHLIVNGDQRHWGEFITPGILFLYIAGWIGWVGRSYLIAISGEKKPAMKEIIIDVPLASRIIFRGFIWPVAAYREFLNGDLIAKDV,Photosystem I reaction center subunit III,Arabidopsis thaliana
MTLNLQTPFPTFGGSTGGWLRAAEVEEKYAITWTSKKEQIFEMPTGGAAIMRNGENLLYLARKEQCLALGTQLRTFKINDYKIYRIFPSGEVQYLHPKDGVFPEKVNPGRTSVNSRGFSIGKNPNPASIKFSGITTYES,Photosystem I reaction center subunit II,Trieres chinensis
MQKEIRRDDIIGSRRFSNYFWAVFLCSGGISFLLAGISSYFKINFLPFANPKELAFIPQGLVMSFYGTLSIALAIYILGTLFWDIGSGYNEYNKVENLVKIVRKGFPGKNREILLTYPLTNIRAIGIKISEGLNPKRSIYLCLKDERQIPLTPVQQPNSISNLEEEAAELAKFLDLKLENL,Photosystem I assembly protein Ycf4,Trieres chinensis
MSHTVKIYDTCIGCTQCVRACPTDVLEMVPWDGCKSGQIASSPRVEDCVGCKRCETACPTDFLSVRVYLGRLETTRSLGLAY,Photosystem I iron-sulfur center,Trieres chinensis
MISRGSKVRILRKESYWFNQVGTIATIDQSGIRYPAVVRFENVNYSGTNTNNFALEELIEVSEVETKSKEA,Photosystem I reaction center subunit IV,Trieres chinensis
MAAAFLPSILVPLVGLIFPAFSMALFFIYISADDITES,Photosystem I reaction center subunit VIII,Trieres chinensis
MNDLQKYLSTAPVLLTLWMTFTAGFIIEINRFFPDMLGLYF,Photosystem I reaction center subunit IX,Trieres chinensis
MKRFNFLILLSTVLISLFPNRALADIGGLTKCSESPAFEKRLKASVKKLEQRMGKYEAGSPPALALQQQIERTQARFDKYSRSELLCGTDGLPHLIADGRWSHAAEFILPGFGFIYISGWIGWVGRKYLRAVSTTKNPTESEIIINVPLALKIMTTGYIWPISAWQEFISNDLVALDEEVTVSPR,Photosystem I reaction center subunit III,Trieres chinensis
MIYDSQVYTVLLIALLASVLAIRLGSTLYQ,Photosystem I reaction center subunit XII,Trieres chinensis
MAISSTERRAKNVQIFVEKDAVETSFAKWAQPGHFSRTLAKGPKTTTWIWNLHADAHDFDSQTSSLEEVSRKIFSAHFGQLAVIFLWISGMHFHGAYFSNYSAWLSDPISIKQSSQVVWPIVGQEILNADVGGNFQGVQTTSGWFQMWRAEGITSEVELYWIAIGGLIMSALMLFAGWFHYHKAAPKLEWFQNAESMMNHHLAGLLGLGCLSWSGHQIHIALPINKLLDAGVAPQEIPLPHEFLINRELMAQLYPSFNKGLAPFFSGQWGEYSDFLTFKGGLNPVTGGLWLSDIAHHHLALSVLFIFAGHMYRTNWGIGHSMKEILEAHKGPFTGEGHKGLYEILTTSWHAQLAINLAMMGSLSIIVAHHMYAMPPYPYIATDYATQLSLFTHHMWIGGFCVVGGAAHGAIFMVRDYTPANNYNNLLDRVLRHRDAIISHLNWVCIFLGCHSFGLYIHNDTMRALGRPQDMFSDKAIQLQPIFAQWVQNIHLLAPGTTAPNALATTSYAFGGDVVEVGGKIAMMPIKLGTADFMVHHIHAFTIHVTVLILLKGVLYARSSKLIPDKANLGFRFPCDGPGRGGTCQSSSWDHVFLGLFWMYNSISVVIFHFSWKMQSDVWGTITPDGNISHITGGNFAQSSITINGWLRDFLWSQASQVIQSYGSASSAYGLIFLGAHFIWAFSLMFLFSGRGYWQELIESIVWAHNKLNFAPAIQPRALSITQGRAVGLAHYLLGGIGTTWSFFLARAISIT,Photosystem I P700 chlorophyll a apoprotein A1,Trieres chinensis
MATKFPKFSQALAQDPATRRIWYGIATAHDLEAHDGMTEENLYQKIFASHFGHLAVIFLWTAGNLFHVAWQGNFEQWVAKPLKVRPIAHSIWDPHFGESALKAFSKGNTYPVNIAFSGVYQWWYTIGFRTNQELYLGSVGLLLLSCALLFAGWLHLQPKFRPSLSWFKNNESRLNHHLSGLMGVSSLAWTGHLVHVALPASRGVHVGWDNFLTTPPHPAGLTPFFTGNWTVYAQNPDSPSHVYGTSEGAGTRILTFLGGFHPQTQSLWLSDIAHHQLAIAFVFIIAGHMYRTNFGIGHNMKEILDAHRPPGGRLGAGHVGLFETITNSLHIQLGLALACLGVATSLTAQHMYALTPYAYLSKDFTTEAALYTHHQYIAGFLMVGAFAHGAIFFVRDYDPELNKNNVLARMLEHKEAIISHLSWASLFLGFHVLGLYIHNDTVVAFGQPEKQILFEPLFAEYIQAASGKAVYNFNVLLSSSTNPATIAGNQVWLPGWLEAINNSKTDLFLKIGPGDFLVHHAIALGLHVTTLILVKGALDARGSKLMPDKKDFGYSFPCDGPGRGGTCDISAWDAFYLAMFWMLNTIGWVTFYWHWKHMTIWGGNPGQFDESSNYIMGWLRDYLWLNSSPLINGYNPFGMNNLSVWAWMFLFGHLIWATGFMFLISWRGYWQELIETLVWAHERTPLANLIRWRDKPVALSIVQARLVGLVHFAVGYILTYAAFVIASTSGKFA,Photosystem I P700 chlorophyll a apoprotein A2,Trieres chinensis
MANFIKPYNDDPFVGHLATPITSSSITRAILKNLPAYRFGLTPLLRGLEIGLAHGYFLMGPFVKLGPLRNSDIALFSGFLSTIGLILILTLGLTIYGVAAFGQGQTTENSNDLQTKKAWDQFKGGFFVGACGSAGFALICLSSIPAFTIS,Photosystem I reaction center subunit XI,Trieres chinensis
MDILFVLSAVPHTSPWSTQVAMVMITCNLLAIVAGRYAIKVRGLGPSIPVSGVEGFGLPELLATTSLGHVIGAASILGLSNVGLIS,Photosystem I reaction center subunit PsaK,Red Seaweed
MPDTINLNMPSPTFGGSTGGWLRAAEVEEKYAITWTGKNESKFEMPTGGTATMRDGENLLYLAKKEQCLALGTQLKGKFKISDYKIYRVFPNGEVQYLHPKDGVFPEKVNAGRASINSVDHSIGKNVNPINVKFTNKATYD,Photosystem I reaction center subunit II,Red Seaweed
MAHSVKVYDTCIGCTQCVRACPCDVLEMVPWDGCKAKQIASAPRTEDCIGCKRCETACPTDFLSVRVYLGAETTRSMGLAY,Photosystem I iron-sulfur center,Red Seaweed
MKQVLPIHKVRKDVILGSRRFSNYWWASTIFIGALGFLLAGLSSYFQTDLLPFANSTELVFIPQGIVMTFYGSVGIFLSMFLWLTIIWNIGAGYNEFNKNEGIVKIFRLGFPGKNRQICLKFNIKEIKSIKIDIKEGLNPRREIYLCTKDKRNIPLTRVGQPLLLSEVEEQAAEIARFLDVVLEGA,Photosystem I assembly protein Ycf4,Red Seaweed
MTAAYLPSILVPLVGLIFPALGMALLFIYIERETIA,Photosystem I reaction center subunit VIII,Red Seaweed
MERGSKVKILRKESYWYQEIGTVAAMDKSGIKYPVLVRFEKVNYNNVNTNSFADNELIDLGK,Photosystem I reaction center subunit IV,Red Seaweed
MKKATFITCLLAVLLVSNPIVVNAEVAGLIPCKDSAAFNKRMVNSVKKLQARLAKYDANTPPALALNKQIEKTKTRFATYGRAGLLCGTDGLPHLISDGRWSRAGDFVFPGLLFLYITGWIGWVGRGYLLSVAKTSKPTEKEIILDVPLAVKFMSSGFAWPLAAWQEFSSGQLIAPNDDITVSPR,Photosystem I reaction center subunit III,Red Seaweed
MNNNFTKYLSTAPVIGVLWMTFTAGFIIELNRFFPDVLYFYL,Photosystem I reaction center subunit IX,Red Seaweed
MIDDSQIFVALLFALVSAVLAIRLGKELYQ,Photosystem I reaction center subunit XII,Red Seaweed
MAISSKEQETKKVKISVDKNPVDTSFEKWAQPGHFSRTLAKGPKTTTWIWNLHADAHDFDSQTSSLEEVSRKIFSAHFGQLAVIFLWLSGMYFHGARFSNYVAWLSNPTGIKPSAQVVWPIVGQEILNGDVGGGFQGVQVTSGWFQLWRASGITTEFQLYCTAIGGLGMAALMLFAGWFHYHKAAPKLEWFQNVESMMNHHLAGLLGLGCLGWAGHQIHLSLPINKLLDSGVSPQEIPLPHEFLINRELMAQLYPSFSKGLVPFFTLNWAEYSDFLTFKGGLNPVTGGLWLSDTAHHHLALAVLFLAAGHMYRTNWGIGHSMKEILEAHKGPFTGNGHEGLYEILTTSWHAQLAINLAMMGSLSIIVAHHMYAMPPYPYIATDYPTQLSLFTHHMWIGGFCVVGAGAHASIFMVRDYNPAENYNNLLDRIIRHRDAIVSHLNWVCIFLGFHSFGLYIHNDTMRALGRSQDMFSDTAIQLQPIFAQWVQSIHTLAPGNTAPNALATASYAFGGEVVSVGNKVAMMPISLGTADFMVHHIHAFTIHVTVLILVKGFLFSRNSRLIPDKANLGFRFPCDGPGRGGTCQVSGWDHVFLGLFWMYNSLSVAIFHFSWKMQSDVWGSVSPSGNVSHITGGNFAQSAITINGWLRDFLWAQASQVIQSYGSALSAYGLIFLAAHFVWAFSLMFLFSGRGYWQELIESIVWAHNKIKVAPAIQPRALSITQGRAVGVAHYLLGGIGTTWAFFLARIISVG,Photosystem I P700 chlorophyll a apoprotein A1,Red Seaweed
MATKFPKFSQALSQDPTTRRIWYGIATAHDFESHDGMTEENLYQKIFASHFGHLAIIFLWTSGNLFHVAWQGNFEQWILNPLKVKPIAHAIWDPHFGQPALKAFSKGGSAYPVNIAYSGVYHWWYTIGMRTNQDLYTGALFLLVLSAILLFGGWLHLQPKFKPGLSWFKNNESRLNHHLSGLFGVSSLAWTGHLVHVAIPESRGQHVGWDNFTTVLPHPAGLQPFFSGNWSVYAQNPDTAQQLFGTNEGAGTAILTFLGGFHPQSQSLWLTDMAHHHLAIAVVFIVAGHMYRTNWGIGHNLKDILDAHRPPSGRLGAGHRGLFDTITNSLHMQLGLALAALGVITSLVAQHMYAMPPYAFMAKDFTTQASLYTHHQYIAGFLMVGAFAHGAIFFVRDYDPEQNKGNVLARMLEHKEAIISHLSWVTLFLGFHTLGLYVHNDTMIAFGTPEKQILIEPVFAQWIQASSGKALYGFDVLLSSSSNIATQAGSNIWLPGWLEAINSGKNSLFLTIGPGDFLVHHAIALGLHTTALILVKGALDARGSKLMPDKKDFGYSFPCDGPGRGGTCDISAWDAFYLAVFWMLNTIGWVTFYWHWKHITIWQGNATQFNESSTYLMGWFRDYLWLNSSPLINGYNPYGMNNLSVWSWMFLFGHLVWATGFMFLISWRGYWQELIETLAWAHERTPLANLIRWKDKPVAMSIVQARLVGLAHFSVGYVLTYAAFVLASTAGKFG,Photosystem I P700 chlorophyll a apoprotein A2,Red Seaweed
MAEFIKPYNDDPFVGNLSTPVSTSSFSKGLLGNLPAYRRGLSPLLRGLEIGMAHGYFLIGPFDKLGPLRGTDVALLAGFLSSVGLIIILTTCLSMYGNVSFTRSDSKDPLQTAEGWGQFTAGFLVGAVGGSGFAYLLLANIPVLQTAGLSLFS,Photosystem I reaction center subunit XI,Red Seaweed
MATKFPKFSQALAQDPATRRIWYGIATAHDLEAHDGMTEENLYQKIFASHFGHLAVIFLWTAGNLFHVAWQGNFEQWVAKPLKVRPIAHSIWDPHFGESALKAFSKGNTYPVNIAFSGVYQWWYTIGFRTNQELYLGSVGLLLLSCALLFAGWLHLQPKFRPSLSWFKNNESRLNHHLSGLMGVSSLAWTGHLVHVALPASRGVHVGWDNFLTTPPHPAGLTPFFTGNWTVYAQNPDSPSHVYGTSEGAGTRILTFLGGFHPQTQSLWLSDIAHHQLAIAFVFIIAGHMYRTNFGIGHNMKEILDAHRPPGGRLGAGHVGLFETITNSLHIQLGLALACLGVATSLTAQHMYALTPYAYLSKDFTTEAALYTHHQYIAGFLMVGAFAHGAIFFVRDYDPELNKNNVLARMLEHKEAIISHLSWASLFLGFHVLGLYIHNDTVVAFGQPEKQILFEPLFAEYIQAASGKAVYNFNVLLSSSTNPATIAGNQVWLPGWLEAINNSKTDLFLKIGPGDFLVHHAIALGLHVTTLILVKGALDARGSKLMPDKKDFGYSFPCDGPGRGGTCDISAWDAFYLAMFWMLNTIGWVTFYWHWKHMTIWGGNPGQFDESSNYIMGWLRDYLWLNSSPLINGYNPFGMNNLSVWAWMFLFGHLIWATGFMFLISWRGYWQELIETLVWAHERTPLANLIRWRDKPVALSIVQARLVGLVHFAVGYILTYAAFVIASTSGKFA,Photosystem I P700 chlorophyll a apoprotein A2,Red Seaweed
MNRRSKWLWIEPITGSRKRSNFFWACILFLGSLGFFLVGISSYFGENLIPLLSSQQILFVPQGIVMCFYGIAGLFISSYLWCTILFNVGSGYNKFDKKKGIVCLFRWGFPGINRRIFPRFLMKDIQMIKMEIQEGISPRRVLYMEIKGRQDIPLTRTGDNVNLREIEQKAAESARFLRVSIEGF,Photosystem I assembly protein Ycf4,Black Pine
MAHSVKIYDTCIGCTQCVRACPTDVLEMIPWEGCKAKQIASAPRTEDCAGCKRCESACPTDFLSVRVYLWHETTRSMGLAY,Photosystem I iron-sulfur center,Black Pine
MIIPNLLPNLLSNLLSNLLPILPSILVPLVGLLLPAITMVLSHLYIQKDEIL,Photosystem I reaction center subunit VIII,Black Pine
MVELKFLIAFFLAFTAGILAIKLGQALYDC,Photosystem I reaction center subunit XII,Black Pine
MQDLKTYLSTAPVLAILCVSFLAALLIEINRFFPDALFLSLSFS,Photosystem I reaction center subunit IX,Black Pine
MTIRSPEPEVKKVKVVVDRDTVKTSFEKWAKPGHFSRTLAKGPDTTTWIWNLHADAHDFDSHTNNLEDISRKIFSAHFGQLAIIFIWLSGMYYHGARFSNYEAWLADPTHIKPSAQIVWPIVGQEILNGDVGGGFRGIQITSGFFQIWRASGITSELQLYCTAIGALIFAALMLFAGWFHYHKAAPKLAWFQEVESMLNHHLAGLLGLGSLSWAGHQIHVSLPINQLLDAGVDPKEIPLPHEFIFNRDLLAQLYPSFAKGVTPFLTLNWSEYSDFLTFRGGLNPVTGGLWLTDTAHHHLAIAVLFLIAGHMYKTNWRIGHNLKDLLEAHKGPFTGEGHKGLYEILTTSWHAQLAVNLAMLGSLTIVVAHHMYSMPPYPYLATDYGTQLSLFTHHMWIGGFIIVGAAAHAAIFMVRDYDPTTQYNNLLDRVLRHRDAIVSHLNWVCIFLGFHSFGLYIHNDTMSALGRPQDMFSDTAIQLQPIFAQWIQNTHASAPGSTAPGATASTSLTWGGGDLVTVGSKVALLPIPLGTADFLVHHIHAFTIHVTVLILLKGVLFARSSRLIPDKANLGFRFPCDGPGRGGTCQVSAWDHVFLGLFWMYNAISVVIFHFSWKMQSDVWGNISDQGVVTHITGGNFAQSSITINGWLRDFLWAQASQVIQSYGSSLSAYGLLFLGAHFVWAFSLMFLFSGRGYWQELIESIVWAHNKLKVAPAIQPRALSIVQGRAVGVAHYLLGGIVTTWAFFLARIIAIG,Photosystem I P700 chlorophyll a apoprotein A1,Black Pine
MASRFPKFSQGLAQDPTTRRIWFGIATAHHFESHDDITEERLYHKIFASHFGQLAIIFLWTSGNLFHVAWQGNFEAWVRDPLHVRPIAHAIWDPHFGQPAIEAFTRGGAPGPVNIAYSGVYQWWYTIGLRTNEDLYAGALFLLFLSVIFLIAGRLHLQPKWRPSVSWFKNAESRLNHHLSGLFGVSSLAWTGHLVHVAIPESRGVHVRWDNFLDVLPHPEGLEPLFTGQWNLYAQNPDSSSHLFGTSQGAGTAILTFLGGFHPQTQSLWLTDMAHHHLAIALVFSIAGHMYRTNFGIGHSMEDILEAHVPPGGLLGRGHKGLYNTINNSLHFQLGLALASLGVITSLVAQHMYSLPPYAFIAQDFTTQAALYTHHQYIAGFIMTGAFAHGAIFLIRDYNPEQNKDNVLARMLEQKEAIISHLSWVSLLLGFHTLGLYVHNDVMLAFGTPEKQILIEPIFAQWIQSAHGKTLYGFDILLSSTSGPSFDAGKSIWLPGWLNAINDNNNSLFSTIGPGDFLVHHAIALGLHTTTLILVKGALDARGSRLMPDKKDFGYSFPCDGPGRGGTCDISAWDAFYLAVFWMLNTIGWVTFYWHWKHITLWQGNVAQFNESSTYLMGWSRDYLWLNSSQLINGYNPFGMNSLSVWAWMFLFGHLVWATGFMFLISWRGYWQELIETLAWAHERTPLANLVRWRDKPVALSIVQARLVGLAHFSVGYIFTYAAFLIASTSGKFG,Photosystem I P700 chlorophyll a apoprotein A2,Black Pine
WDYIGSPTNVIMVISTSLMLFAGRFGLAPSANR,Photosystem I reaction center subunit psaK,Cucumber
MAMATQATLFTPSLSTPKSTGISIPWKQSSTLSFLTSKPHLKAASSSRSFKVSAEAETSVEAPAGFSPPELDPSTPSPIFAGSTGGLLRKAQVEEFYVITWESPKEQIFEMPTGGAAIMREGPNLLKLARKEQCLALGTRLRSKYKIKYQFYRVFPNGEVQYLHPKDGVYPEKVNPGREGVGQNFRSIGKNVSPIEVKFTGKQVYDL,Photosystem I reaction center subunit II,Cucumber
MNWRSERIWIEFLRGSRKISNFCWAFILFLGSLGFLLVGTSSYLGRDLISLFPSQQIIFFPQGIVMSFYGIAGLFISSYLWCTILWNVGSGYDRFDRKEEIVSIFRWGFPGKNRRIFLRFLMKDIQSIRIEVKEGIYARRVLYMEIRGQGAIPLTRTDQNLTPREIEQKAAELAYFLRVPIEVF,Photosystem I assembly protein Ycf4,Cucumber
MTTLTTLPSIFVPLVGLVFPAIAMASLFLHVQKNKIF,Photosystem I reaction center subunit VIII,Cucumber
MSHSVKIYDTCIGCTQCVRACPTDVLEMIPWGGCKAKQIASAPRTEDCVGCKRCESACPTDFLSVRVYLWHETTRSMGLAY,Photosystem I iron-sulfur center,Cucumber
MRDLKTYLSVAPVVSTIWFGALAGLLIEINRLFPDALVFPFFSF,Photosystem I reaction center subunit IX,Cucumber
MALRFPRFSQGLAQDPTTRRIWFGIATAHDFESHDDITEERLYQNIFASHFGQLAIIFLWTSGNLFHVAWQGNFEAWVQDPLHVRPIAHAIWDPHFGQPAVEAFTRGGALGPVNIAYSGVYQWWYTIGLRTNGDLYTGALFLLFLSAISLIAGWLHLQPKWKPSVSWFKNAESRLNHHLSGLFGVSSLAWTGHLVHVAIPASRGESVRWNNFLDVLPHPQGLGPLFTGQWNLYAQNPDSNNHLFGTSEGAGTAILTLLGGFHPQTQSLWLTDMAHHHLAIAFIFLVAGHMYRTNFGIGHSIKDLLEAHIPPGGRLGRGHKGLYDTINNSLHFQLGLALASLGVITSLVAQHMYALPAYAFIAQDFTTQAALYTHHQYIAGFIMTGAFAHGAIFFIRDYNPEQNEDNVLARMLDHKEAIISHLSWASLFLGFHTLGLYVHNDVMLAFGTPEKQILIEPIFAQWIQSAHGKTSYGFDVLLSSTSGPAFNAGRSIWLPGWLNAVNENSNSLFLTIGPGDFLVHHAIALGLHTTTLILVKGALDARGSKLMPDKKDFGYSFPCDGPGRGGTCDISAWDAFYLAVFWMLNTIGWVTFYWHWKHITLWQGNVSQFNESSTYLMGWLRDYLWLNSSQLINGYNPFGMNSLSVWAWMFLFGHLVWATGFMFLISWRGYWQELIETLAWAHERTPLANLIRWRDKPVALSIVQARLVGLAHFSVGYIFTYAAFLIASTSGKFG,Photosystem I P700 chlorophyll a apoprotein A2,Cucumber
MIIRSPEPEVKILVDRDPIKTSFEDWARPGHFSRTIAKGPDTTTWIWNLHADAHDFDSHTSDLEEISRKVFSAHFGQLSIIFLWLSGMYFHGARFSNYEAWLGDPTHIGPSAQVVWPIVGQEILNGDVGGGFRGIQITSGFFQMWRASGITNELQLYCTAIGALVFAALMLFAGWFHYHKAAPKLAWFQDVESMLNHHLAGLLGLGSLSWAGHQVHVSLPINQFLNAGVDPKEIPLPHEFILNRDLLAQLYPSFAEGATPFFTLNWSKYAEFLTFRGGLDPVTGGLWLTDIAHHHLAIAILFLIAGHMYRTNWGIGHGIKDILEAHKGPFTGQGHKGLYEILTTSWHAQLSINLAMLGSLTIIVAHHMYAMPPYPYLATDYGTQLSLFTHHMWIGGFLIVGAAAHAAIFMVRDYDPTTRYNDLLDRVLRHRDAIISHLNWVCIFLGFHSFGLYIHNDTMSALGRPQDMFSDTAIQLQPVFAQWIQNTHALAPRITAPGATTGTSLTWGGGDLVAVGGKVALLPIPLGTADFLVHHIHAFTIHVTVLILLKGVLFSRSSRLIPDKANLGFRFPCDGPGRGGTCQVSAWDHVFLGLFWMYNSISVVIFHFSWKMQSDVWGSVSDQGVVTHITGGNFAQSSITINGWLRDFLWAQASQVIQSYGSSLSAYGLFFLGAHFVWAFSLMFLFSGRGYWQELIESIVWAHNKLKVAPATQPRALSIVQGRAVGVTHYLLGGIATTWAFFLARIIAVG,Photosystem I P700 chlorophyll a apoprotein A1,Cucumber
MNWQSEWLRVEPIMGSRRISNFCWACITSLGALGFFLVGIPSYLGKDLIPVLPSQQIVFVPQGIVMCFYGIAGLFPSFYLWCTILWNVGSGYNIFDKREGIICLFRWGFPGENRRICIRFSMKDIQAIRVEVREAISPRRVLHMKVKGQQDVPLTRISENLTLREMEEKAAELARFLHVSMEGP,Photosystem I assembly protein Ycf4,Shining clubmoss
MAHSVRIYDTCIGCTQCVRACPTDVLEMIPWDGCKANQIASAPRTEDCVGCKRCESACPTDFLSIRVYLGSETTRSMGLAY,Photosystem I iron-sulfur center,Shining clubmoss
MTASYSPSISVPLVGLVFPAITMVLSFIYIERDEIV,Photosystem I reaction center subunit VIII,Shining clubmoss
MQDVETYLSTAPVLATLWFGFLAGLLIEINRFFPDALVFPSL,Photosystem I reaction center subunit IX,Shining clubmoss
MTIRSPEPEVKIAVERDPVKTSFEKWAQPGHFSRTLAKGPSTTTWIWNLHADAHDFDSHTNDLEEISRKVFSAHFGQLAIIFIWLSGMYFHGARFSNHEAWLSDPTHVKPSAQVVWPIVGQEILNGDVGGGFQGIQITSGFFQIWRASGITSELQLYSTAIGGLIFAALMLFAGWFHYHKAAPKLTWFQDVESMLNHHLAGLLGLGSLSWAGHQVHVSLPINQLLDAGVDAKEIPLPHEFILNRDLMTQLYPSFAKGLTPFFTLNWSEYSDFSTFRGGLNPVTGGLWLTDTVHHHLAIAVLFLIAGHMYRTNWGIGHSLKEILEAHKGPFTGEGHKGLYEIFTTSWHAQLALNLAMLGSLTIVVAHHMYSMPPYPYLATDYGTQLSLFTHHMWIGGFLVVGAAAHAAIFMVRDYDPTTQYNNLLDRVLRHRDAIVSHLNWACIFLGFHSFGLYIHNDTMSALGRPQDMFSDTAIQLQPIFAQWVQNTHAVAPFSTAPNAAASTSLTWGGIDLVAVGGKVALLPIPLGTADFLVHHIHAFTIHVTVLILLKGVLFARSSRLIPDKANLGFRFPCDGPGRGGTCQVSAWDHVFLGLFWMYNAISVVIFHFSWKMQSDVWGSVSDQKIVTHITGGNFAQSSITINGWLRDFLWAQASQVIQSHGSSLSAYGLPFLGAHFVWAFSLMFLFSGRGYWQELIESIVWAHNKLKVAPAIQPRALSIVQGRAVGVAHYLLGGIATTWAFFLARIIAVG,Photosystem I P700 chlorophyll a apoprotein A1,Shining clubmoss
MASRFPRFSQGLSQDPTTRRIWFGIATAHDFESHDNITEERLYQKIFASHFGQLAIIFLWTSGNLFHVAWQGNFEAWIQDPLHVRPIAHAIWDPHFGQPAIEAFTRGGASGPVNIAYPGVYQWWYTIGLRTNQDLYTGALSLLILSAIFLIAGWLHLQPKWKPSVSWFKNAESRLNHHLSGLFGVSSLAWTGHLVHVAIPESRGEHVRWDNLLTALPHPQGLGPFFAGQWSVYAQNADSSSHLFGTSQGAGTAILTFLGGFHPQTQSLWLTDIAHHHLAIAVVFIIAGHMYRTNFGIGHSMKEILEAHTPPGGRLGRGHKGLYDTINNSLHFQLGLALASLGVITSLVAQHMYSLPAYAFIAQDFTTQAALYTHHQYIAGFIMTGAFAHGAIFLIRDYNPEQNEGNVLARMLEHKEAIISHLSWASLFLGFHTLGLYVHNDVMLAFGTPEKQILIEPVSAQWIQSAHGKALYGFDVLLSSANSPAFNAGQSIWLPGWLDTINNNSNSLFLTIGPGDFLVHHAIALGLHTTTLILVKGALDARGSKLMPDKKEFGYSFPCDGPGRGGTCDISAWDAFYSAVFWMLNTIGWVTLYWHWKHITLWQGNVAQFNESSTYLMGWLRDYLWLNPSQLINGYNPFGMNSLSVWAWMFLFGHLVWAIGFMFLISWRGYWQELIETLAWAHERTPLANLVRWKDKPVALSIVQARLVGLAHFSVGYIFTYAAFLIASTSGKFG,Photosystem I P700 chlorophyll a apoprotein A2,Shining clubmoss
MAHSVKIYDTCIGCTQCVRACPTDVLEMVPWDGCKASQIASAPRTEDCVGCKRCESACPTDFLSVRVYLGAETTRSMGLAY,Photosystem I iron-sulfur center,Earthmoss
MPRSQKNDNFIDKTFTIVADILLRIIPTTQREKEAFTYYRDGMSAQSEGEYAEALQNYYEAMRLEIDPYDRSYILYNIGLIHTSNGEHAKALEYYFQALERNPSLPQAFNNMAVICHYRGEQAIQQGDSETSEAWFNQAADYWKQAIALAPSNYIEAQNWLKITDRLK,Photosystem I assembly protein Ycf3,Earthmoss
MNRESDWLWVEPIMGSRRVSNFCWAAILLFGALGFFFVGISSYFGKDLIPFLSSQQILFVPQGVVMCFYGIAGLFLSFYLWCTIFWNVGSGYNKFDKKKKIVSLFRWGFPGENRRICINFFMKDIQGIRMEVQEGIYPRRTLYMKIKGQQDIPLTRIRENLTLGEIEEKAAELARFLRVSIEGL,Photosystem I assembly protein Ycf4,Earthmoss
MQDVKTYLSTAPVLATLWFGFLAGLLIEINRFFPDALVLPL,Photosystem I reaction center subunit IX,Earthmoss
MASRFPKFSRGLSQDPTTRRIWFGIATAHDFESHDDMTEERLYQKIFASHFGQLAIIFLWTSGNLFHVAWQGNFEAWGQDPLHVRPIAHAIWDPHFGQPAVEAFTRGGASGPVNIAYSGVYQWWYTIGLRTNQDLYGGSIFLLFVSALFLIAGWLHLQPKWKPSVSWFKNAESRLNHHLSGLFGVSSLAWTGHLVHVAIPESRGEHVRWNNLLTALPHPQGLGPFFAGQWNVYAQNPDSNSHLFGTSEGAGTAILTFLGGFHPQTQSLWLTDMAHHHLAIAVIFIIAGHMYRTNFGIGHSMKEILEAHTPPGGRLGRGHKGLYDTINNSLHFQLGLALASLGVITSLVAQHMYSLPPYAFLAQDFTTQAALYTHHQYIAGFIMTGAFAHGAIFFIRDYNPEQNKDNVLARMLEHKEAIISHLSWASLFLGFHTLGLYVHNDVMLAFGTPEKQILIEPVFAQWIQSAHGKALYGFDVLLSSADSPAFNAGQTLWLPGWLDAINNNSNSLFLTIGPGDFLVHHAIALGLHTTTLILVKGALDARGSKLMPDKKEFGYSFPCDGPGRGGTCDISAWDAFYLAVFWMLNTIGWVTFYWHWKHITLWQGNVAQFNESSTYLMGWLRDYLWLNSSQLINGYNPFGMNSLSVWAWMFLFGHLVWATGFMFLISWRGYWQELIETLAWAHERTPLANLVRWKDKPVALSIVQARLVGLAHFSVGYIFTYAAFLIASTSGKFG,Photosystem I P700 chlorophyll a apoprotein A2,Earthmoss
MTIRSPEPEVKIMVEKDPVKTSFEKWAKPGHFSRTLAKGPNTTTWIWNLHADAHDFDSHTNDLEEISRKVFSAHFGQLAVIFIWLSGMYFHGARFSNYEAWLSDPTHIKPSAQVVWPIVGQKILNGDVGGGFQGIQITSGFFQLWRASGITSELQLYTTAIGGLIFAALMLFAGWFHYHKAAPKLAWFQNVESMLNHHLAGLLGLGSLAWAGHQVHVSLPINRLLDAGVDPKEIPLPHEFILNRDLLAQLYPSFSKGLTPFFTLNWSEYSDFLTFRGGLNPVTGGLWLTDTAHHHLAIAVLFLVAGHMYRTNFGIGHSMKEILEAHKGPFTGEGHKGLYEILTTSWHAQLAINLAMLGSLTIIVAHHMYAMPPYPYLATDYATQLSLFTHHMWIGGFLVVGAAAHAAIFMVRDYDPTTQYNNLLDRVLRHRDAIISHLNWVCIFLGFHSFGLYIHNDTMSALGRPQDMFSDTAIQLQPVFAQWIQNTHALAPSLTAPNATASTSLTWGGGDLVAVGGKVALLPIPLGTADFLVHHIHAFTIHVTVLILLKGVLFARSSRLIPDKANLGFRFPCDGPGRGGTCQVSAWDHVFLGLFWMYNAISVVIFHFSWKMQSDVWGSISDQGVVTHITGGNFAQSSITINGWLRDFLWAQASQVIQSYGSSLSAYGLLFLGAHFVWAFSLMFLFSGRGYWQELIESIVWAHNKLKVAPAIQPRALSIVQGRAVGVAHYLLGGIATTWAFFLARIISVG,Photosystem I P700 chlorophyll a apoprotein A1,Earthmoss
MSHSVKIYDTCIGCTQCVRACPLDVLEMVPWDGNKAGTIASSPRTEDCVGCKRCETACPTDFLSIRVYLGAETTRSMGLAY,Photosystem I iron-sulfur center,Gloeobacter
MAAPAIYQTDKVLRFEVPGSRRPSTYFFALVLTLGGLGFLFAGLSPFVETNLLPFSDTRGLTRFPQGVTMIFYGALATLFSLYYWLVLALDVGSGYNEFDKQNKKVTLFRRGFPGKNRIIEIVHPLENILGLKVQIKEGLNPRRAYFLKLKGARDLRLSPVGQPQPLAAVEDQVSAIARFLNIGVEGI,Photosystem I assembly protein Ycf4,Gloeobacter
MADVKELPFGGSTPLFGGSTGGLLRKAQIEEKYLIVWNSKEEQVFEMPTGGAATMVAGTNVLYLARKEQCHALHRQLVSTFKIRDSKIYRVYPNGEQVLIFPMDGVPSEKSNPGREVVGYVPRKIGDNPNPVDVKFTGKETFDV,Photosystem I reaction center subunit II,Gloeobacter
MAIERGAKVRILRKESYWYREVGTVASVDKSEKTIYPVTVRFEKVNYSGINTNNFGVSELEEVEA,Photosystem I reaction center subunit IV,Gloeobacter
MQSYNVFPALVIITTLVVPFMAAAALLFIIERDPS,Photosystem I reaction center subunit Z,Gloeobacter
MSNKQSRVPFGAALLGILTLLLLFETGAFAQTQVKDPLKLCKDVPAYQELKTQRLEAAQKAQADGKPVTFNEAGTKQKFERYDTAYCGQDGYPHLITSGQLDRAGDFLIPSVLFLWIAGALGWAGRLYLAESKGPEDEIIIDLPKAIKCLLLGLIWPVQAIPELISGKIRVPEDRVTISPR,Photosystem I reaction center subunit III,Gloeobacter
MAATVVSGAQVAIAFVVALIAGIAALLLSTALGK,Photosystem I reaction center subunit XII,Gloeobacter
MATRFPKFSQDLAQDPTTRRIWYGIATAHDFESHDGMTEESLYQKLFATHFGHLAIIFLWSSGNLFHIAWQGNFEQWVSNPTGVVPIAHAIWDPHFGKGAVEAFTPEGGAGPVNAAYSGLYYLYYTLGMRFNSDLYQGSIFLMVLATVFLIAGWLHLQPRFRPSLAWFKNAESRLNHHLSALFGVSSLAFAGHMIHVAIPAARGQRVDWSNFLNTLPHPAGLAPFFTGNWGVYADPQAGPPILTFIGGLNPATGTLWLTDIAHHHLAIAVIFIIAGHMYRTNFGIGHSIKEILDAHKGPLTGEGHRGLYDTINNSLHFQLGLALASLGVVTSLVAQHTYALPAYFYMPQDHTTMAALYTHHQYIAGFLMVGAFAHGAIFFVRDYDPKANENNVLARMLEHKEALISHLSWVSLFLGFHTLGLYVHNDVMLAFGRPEDQLLIEPVFAQFVQVQSGKIIEGIPALFGGPGVTAPGEFLTGWLGSVNANNSPIFLPIGPGDFLVHHAIALGLHTTTLILVKGALDARGSKLMPDKKDFGFAFPCDGPGRGGTCDISAWDAFYLAVFWMLNTIGWVTFYWHWKWISIWGDNVAQFNASSTYLMGWLRDYLWANSAPLIGGYSPSGGTNALSVWAWMFLFGHLVWATGFMFLIAWRGYWQELIETLVWAHERTPLANLVRWKDKPVAMSIVQGRLVGLAHFTIGYILTYAAFLIASTAALYPNGPAAFTPAISAEQAKGVLSEFKAKPVPGGVMLLLPENIVFDFDKSSVKLDADPALNRVVGVIQFYGSEPVEILGHTDSLGEDAYNQKLSEERASAVKAFFEKKGIEAERLTAKGYGETKPVAPNAKPDGSDNPDGRQQNRRVEILIKTEVVPVS,Photosystem I P700 chlorophyll a apoprotein A2,Gloeobacter
MSTTPQEREKPVRVLVDNDPVPTSTEKWGKPGWFERNLARGPKTTTWIWDLHALAHDFETHTSDKEEISRKIFSAHFGHLAVVCVWLSGMFWHGAYFSNFTAWMENPLGLKPSAQTVWPVFGQEILNDPSTVAKGFEQGGIVITSGLFHLWRAVGFTTTGQLAAMSIAMLIIAALFLFAGWFHYHKRAPKLEWFQNVESMLNHHLAGLFGLGSLFWTGHLIHVALPVKAQLDAGIAPAQVNPFAGLDYGLMGQYFPKGFGPNGGLGAFFTLNWGQFTDFLTFKGGLEPATGALYLTDIAHHHLAIATLFIIAGHMYRTNWGIGHSIKEMLEAHKGPLTGEGHRGLYEVLTTSWHAQLAINLAMAGSITIIVAHHMYAMNPYPYMGTDYATQISLFTHHMWIGGFLIVGAGAHAAIFMVRDYDPVTNQNNLLDRVLRHRDAIISHLNWVTLFLGFHSFGLYVHNDTMQALGRPRDMFADFAIPLQPVFAQWIQNIHAAAPGGATAPWVGGTSPTWYTGALSSAATLQANQVLALANDKISISPIHLGTADFMVHHIFALCIHVTVLILLKGVLFARSSRLIPDKANLGFRFPCDGPGRGGTCQSSAWDHVFLGLFWMYNTISVVIFHFSWKMQSDVWGTVDRSTGAVNHIIGNTDVLLGGQTVALSQYAASSININGWLRDFLWAQSSAVINSYGGPLSAYGLMFLGAHFIWAFSLMFLFSGRGYWQELIESIVWAHNKLKVAPAIQPRALSITQGRAVGVAHYLLGGIATTWAFFLARFLALP,Photosystem I P700 chlorophyll a apoprotein A1,Gloeobacter
